{
  "index.html": 1731578575021,
  "test/testsuite.qunit.js": 1731578575057,
  "test/integration/pages/RisksList.js": 1731578575073,
  "test/integration/opaTests.qunit.js": 1731578575065,
  "test/integration/FirstJourney.js": 1731578575073,
  "test/integration/pages/RisksObjectPage.js": 1731578575073,
  "xs-app.json": 1731591455904,
  "manifest.json": 1731590747259,
  "Component.js": 1731578575021,
  "test/integration/opaTests.qunit-dbg.js": 1731578575065,
  "test/integration/opaTests.qunit.js.map": 1731591463294,
  "test/integration/pages/RisksList-dbg.js": 1731578575073,
  "test/integration/pages/RisksList.js.map": 1731591463295,
  "test/testsuite.qunit-dbg.js": 1731578575057,
  "test/testsuite.qunit.js.map": 1731591463294,
  "test/integration/FirstJourney-dbg.js": 1731578575073,
  "test/integration/FirstJourney.js.map": 1731591463295,
  "test/integration/pages/RisksObjectPage-dbg.js": 1731578575073,
  "test/integration/pages/RisksObjectPage.js.map": 1731591463296,
  "Component-dbg.js": 1731578575021,
  "Component.js.map": 1731591463296,
  "Component-preload.js": 1731591463364,
  "Component-preload.js.map": 1731591463364,
  "test/integration/opaTests.qunit.html": 1731578575065,
  "test/testsuite.qunit.html": 1731578575049,
  "test/flpSandbox.html": 1731578575049,
  "i18n/i18n.properties": 1731578599254
}